1790872892.092250429,19, 2276
1790872893.126278600,20, 2276
1790872894.164487911,21, 2276
1790872895.202007923,14, 2798
1790872896.236733668,97, 3034
1790872897.314136586,98, 3055
1790872898.484508061,99, 3055
1790872899.544305308,99, 3031
1790872900.897519865,98, 3031
1790872902.230164435,99, 3031
1790872903.529039303,98, 3031
1790872904.719869097,99, 3031
1790872906.043015191,99, 3031
1790872907.382707218,99, 3031
1790872908.477927666,98, 3031
1790872909.604600240,98, 3031
1790872913.189380371,99, 3031
1790872914.282603888,99, 3031
1790872915.372835572,99, 3031
1790872916.495713907,99, 3031
1790872917.844096958,99, 3031
1790872918.929265331,99, 3031
1790872920.267276827,98, 3031
1790872921.536512118,99, 3031
1790872922.667552005,99, 3031
1790872923.751447031,99, 3031
1790872924.878924040,99, 3031
1790872926.205627387,99, 3058
1790872927.624826611,88, 3068
1790872928.901772364,86, 3122
1790872930.098986804,98, 3129
1790872931.477504480,99, 3114
1790872932.848224316,91, 3095
1790872934.045000419,99, 3116
1790872935.391625124,99, 3116
1790872936.574249922,99, 3115
1790872937.701690891,38, 2720
1790872938.745075129,5, 2310
1790872939.790553837,9, 2308
1790872940.849618211,12, 2336
1790872941.910271511,18, 2323
1790872945.184957912,26, 2311
1790872946.223651712,29, 2332
1790872947.275890940,15, 3010
1790872948.329304565,99, 3098
1790872949.594377459,98, 3109
1790872950.815547936,98, 3097
1790872951.925792048,97, 3109
1790872953.008695357,99, 3097
1790872954.122818035,99, 3102
1790872955.266339236,99, 3102
1790872956.402040091,98, 3100
1790872957.784263754,98, 3095
1790872959.135210055,97, 3069
1790872960.488768761,99, 3085
1790872961.611164045,98, 3071
1790872962.733951340,99, 3075
1790872963.874152638,98, 3076
1790872965.235435949,99, 3074
1790872966.521066191,99, 3074
1790872967.581168783,99, 3074
1790872968.866087421,98, 3074
1790872970.097738347,99, 3073
1790872971.408866784,99, 3072
1790872972.596681179,99, 3072
1790872973.651645294,99, 3072
1790872974.854460720,99, 3073
1790872978.420272391,97, 3085
1790872979.528434125,98, 3086
1790872980.841084346,99, 3071
1790872982.056876779,99, 3076
1790872983.226995918,99, 3074
1790872984.575464519,99, 3073
1790872985.852865744,99, 3073
1790872987.043050798,99, 3100
1790872988.209807161,98, 3100
1790872989.612546587,92, 3113
1790872991.006357931,94, 3119
1790872992.180349422,45, 2715
1790872993.254970186,8, 2397
1790872994.291220823,7, 2396
1790872995.329642181,13, 2392
1790872996.367379317,7, 2391
1790872997.403330976,10, 2403
