time,cluster_queue,gpus_in_use
2026-10-01T03:12:04Z,team-a-cq,0
2026-10-01T03:12:04Z,team-b-cq,0
2026-10-01T03:12:06Z,team-a-cq,4
2026-10-01T03:12:06Z,team-b-cq,0
2026-10-01T03:12:08Z,team-a-cq,4
2026-10-01T03:12:08Z,team-b-cq,0
2026-10-01T03:12:10Z,team-a-cq,4
2026-10-01T03:12:10Z,team-b-cq,0
2026-10-01T03:12:12Z,team-a-cq,4
2026-10-01T03:12:12Z,team-b-cq,0
2026-10-01T03:12:14Z,team-a-cq,4
2026-10-01T03:12:14Z,team-b-cq,0
2026-10-01T03:12:16Z,team-a-cq,4
2026-10-01T03:12:16Z,team-b-cq,0
2026-10-01T03:12:18Z,team-a-cq,4
2026-10-01T03:12:18Z,team-b-cq,0
2026-10-01T03:12:21Z,team-a-cq,4
2026-10-01T03:12:21Z,team-b-cq,0
2026-10-01T03:12:23Z,team-a-cq,4
2026-10-01T03:12:23Z,team-b-cq,0
2026-10-01T03:12:25Z,team-a-cq,4
2026-10-01T03:12:25Z,team-b-cq,0
2026-10-01T03:12:27Z,team-a-cq,4
2026-10-01T03:12:27Z,team-b-cq,0
2026-10-01T03:12:29Z,team-a-cq,4
2026-10-01T03:12:29Z,team-b-cq,0
2026-10-01T03:12:31Z,team-a-cq,4
2026-10-01T03:12:31Z,team-b-cq,0
2026-10-01T03:12:33Z,team-a-cq,4
2026-10-01T03:12:33Z,team-b-cq,0
2026-10-01T03:12:35Z,team-a-cq,4
2026-10-01T03:12:35Z,team-b-cq,0
2026-10-01T03:12:37Z,team-a-cq,4
2026-10-01T03:12:37Z,team-b-cq,0
2026-10-01T03:12:39Z,team-a-cq,4
2026-10-01T03:12:39Z,team-b-cq,0
2026-10-01T03:12:41Z,team-a-cq,4
2026-10-01T03:12:41Z,team-b-cq,0
2026-10-01T03:12:43Z,team-a-cq,4
2026-10-01T03:12:43Z,team-b-cq,0
2026-10-01T03:12:46Z,team-a-cq,4
2026-10-01T03:12:46Z,team-b-cq,0
2026-10-01T03:12:48Z,team-a-cq,4
2026-10-01T03:12:48Z,team-b-cq,0
2026-10-01T03:12:50Z,team-a-cq,4
2026-10-01T03:12:50Z,team-b-cq,0
2026-10-01T03:12:52Z,team-a-cq,4
2026-10-01T03:12:52Z,team-b-cq,0
2026-10-01T03:12:54Z,team-a-cq,4
2026-10-01T03:12:54Z,team-b-cq,0
2026-10-01T03:12:56Z,team-a-cq,4
2026-10-01T03:12:56Z,team-b-cq,0
2026-10-01T03:12:58Z,team-a-cq,4
2026-10-01T03:12:58Z,team-b-cq,0
2026-10-01T03:13:00Z,team-a-cq,4
2026-10-01T03:13:00Z,team-b-cq,0
2026-10-01T03:13:02Z,team-a-cq,4
2026-10-01T03:13:02Z,team-b-cq,0
2026-10-01T03:13:04Z,team-a-cq,4
2026-10-01T03:13:04Z,team-b-cq,0
2026-10-01T03:13:06Z,team-a-cq,4
2026-10-01T03:13:06Z,team-b-cq,0
2026-10-01T03:13:08Z,team-a-cq,4
2026-10-01T03:13:08Z,team-b-cq,0
2026-10-01T03:13:10Z,team-a-cq,4
2026-10-01T03:13:10Z,team-b-cq,0
2026-10-01T03:13:13Z,team-a-cq,4
2026-10-01T03:13:13Z,team-b-cq,0
2026-10-01T03:13:15Z,team-a-cq,4
2026-10-01T03:13:15Z,team-b-cq,0
2026-10-01T03:13:17Z,team-a-cq,4
2026-10-01T03:13:17Z,team-b-cq,0
2026-10-01T03:13:19Z,team-a-cq,4
2026-10-01T03:13:19Z,team-b-cq,0
2026-10-01T03:13:21Z,team-a-cq,4
2026-10-01T03:13:21Z,team-b-cq,0
2026-10-01T03:13:23Z,team-a-cq,4
2026-10-01T03:13:23Z,team-b-cq,0
2026-10-01T03:13:25Z,team-a-cq,4
2026-10-01T03:13:25Z,team-b-cq,0
2026-10-01T03:13:27Z,team-a-cq,4
2026-10-01T03:13:27Z,team-b-cq,0
2026-10-01T03:13:29Z,team-a-cq,4
2026-10-01T03:13:29Z,team-b-cq,0
2026-10-01T03:13:31Z,team-a-cq,4
2026-10-01T03:13:31Z,team-b-cq,0
2026-10-01T03:13:33Z,team-a-cq,4
2026-10-01T03:13:33Z,team-b-cq,0
2026-10-01T03:13:35Z,team-a-cq,4
2026-10-01T03:13:35Z,team-b-cq,0
2026-10-01T03:13:38Z,team-a-cq,4
2026-10-01T03:13:38Z,team-b-cq,0
2026-10-01T03:13:40Z,team-a-cq,4
2026-10-01T03:13:40Z,team-b-cq,0
2026-10-01T03:13:42Z,team-a-cq,4
2026-10-01T03:13:42Z,team-b-cq,0
2026-10-01T03:13:44Z,team-a-cq,4
2026-10-01T03:13:44Z,team-b-cq,0
2026-10-01T03:13:46Z,team-a-cq,4
2026-10-01T03:13:46Z,team-b-cq,0
2026-10-01T03:13:48Z,team-a-cq,4
2026-10-01T03:13:48Z,team-b-cq,0
2026-10-01T03:13:50Z,team-a-cq,4
2026-10-01T03:13:50Z,team-b-cq,0
2026-10-01T03:13:52Z,team-a-cq,4
2026-10-01T03:13:52Z,team-b-cq,0
2026-10-01T03:13:54Z,team-a-cq,4
2026-10-01T03:13:54Z,team-b-cq,0
2026-10-01T03:13:56Z,team-a-cq,4
2026-10-01T03:13:56Z,team-b-cq,0
2026-10-01T03:13:58Z,team-a-cq,4
2026-10-01T03:13:58Z,team-b-cq,0
2026-10-01T03:14:00Z,team-a-cq,4
2026-10-01T03:14:00Z,team-b-cq,0
2026-10-01T03:14:03Z,team-a-cq,4
2026-10-01T03:14:03Z,team-b-cq,0
2026-10-01T03:14:05Z,team-a-cq,4
2026-10-01T03:14:05Z,team-b-cq,0
2026-10-01T03:14:07Z,team-a-cq,0
2026-10-01T03:14:07Z,team-b-cq,0
2026-10-01T03:14:09Z,team-a-cq,0
2026-10-01T03:14:09Z,team-b-cq,0
2026-10-01T03:14:11Z,team-a-cq,0
2026-10-01T03:14:11Z,team-b-cq,0
2026-10-01T03:14:13Z,team-a-cq,0
2026-10-01T03:14:13Z,team-b-cq,0
2026-10-01T03:14:15Z,team-a-cq,0
2026-10-01T03:14:15Z,team-b-cq,0
2026-10-01T03:14:17Z,team-a-cq,0
2026-10-01T03:14:17Z,team-b-cq,0
2026-10-01T03:14:19Z,team-a-cq,0
2026-10-01T03:14:19Z,team-b-cq,0
2026-10-01T03:14:21Z,team-a-cq,0
2026-10-01T03:14:21Z,team-b-cq,0
2026-10-01T03:14:23Z,team-a-cq,0
2026-10-01T03:14:23Z,team-b-cq,0
2026-10-01T03:14:25Z,team-a-cq,0
2026-10-01T03:14:25Z,team-b-cq,0
2026-10-01T03:14:27Z,team-a-cq,0
2026-10-01T03:14:27Z,team-b-cq,0
2026-10-01T03:14:30Z,team-a-cq,0
2026-10-01T03:14:30Z,team-b-cq,0
2026-10-01T03:14:32Z,team-a-cq,0
2026-10-01T03:14:32Z,team-b-cq,0
2026-10-01T03:14:34Z,team-a-cq,0
2026-10-01T03:14:34Z,team-b-cq,0
