1790872773.688358409,19, 2276
1790872774.720420010,22, 2276
1790872775.755930659,23, 2277
1790872776.790928852,5, 2666
1790872777.847430217,99, 2666
1790872778.894606651,98, 2642
1790872779.936987783,98, 2642
1790872781.018729232,98, 2642
1790872784.578145527,93, 2642
1790872785.631587983,96, 2642
1790872786.686683959,95, 2642
1790872787.732459054,91, 2642
1790872788.770699780,97, 2642
1790872789.849162548,99, 2642
1790872791.062148849,98, 2642
1790872792.105582468,98, 2642
1790872793.278761079,98, 2652
1790872794.326259354,99, 2642
1790872795.611106037,93, 2642
1790872796.652485978,99, 2642
1790872797.946330120,78, 2642
1790872798.985683520,38, 2642
1790872800.025134258,3, 2253
1790872801.062338591,6, 2253
1790872802.092486847,8, 2253
1790872803.125600839,11, 2263
1790872804.164296903,16, 2253
1790872805.197638556,6, 2447
1790872806.236639275,80, 2669
1790872807.284500691,98, 2669
1790872808.454928851,93, 2669
1790872809.514443540,91, 2669
1790872810.584218238,98, 2669
1790872811.655359257,96, 2669
1790872812.697146578,99, 2665
1790872814.527960817,92, 2665
1790872817.048331851,99, 2665
1790872818.345053224,97, 2665
1790872819.641230571,95, 2665
1790872820.708354922,99, 2665
1790872821.904602082,99, 2665
1790872823.034542094,96, 2665
1790872824.094483315,95, 2665
1790872825.140322780,90, 2665
1790872826.183554425,91, 2665
1790872827.224799737,99, 2665
1790872828.303718984,39, 2471
1790872829.339283363,5, 2276
1790872830.371846990,6, 2276
1790872831.402475845,9, 2276
1790872832.434372288,12, 2276
1790872833.464275486,17, 2276
1790872834.501832142,21, 2285
1790872835.540885853,89, 2665
1790872836.718883355,96, 2665
1790872837.756842562,95, 2665
1790872838.797043502,98, 2641
1790872839.874687220,95, 2641
1790872840.920547244,98, 2641
1790872842.230057310,85, 2641
1790872843.277544650,94, 2641
1790872844.422445437,93, 2641
1790872845.463688372,95, 2641
1790872848.801868786,97, 2641
1790872850.099288551,99, 2641
1790872851.208551531,98, 2641
1790872852.330592224,98, 2641
1790872853.496650413,96, 2641
1790872854.539320908,97, 2641
1790872855.584813307,91, 2641
1790872856.674813457,93, 2641
1790872857.727920323,45, 2641
1790872858.778725515,3, 2252
1790872859.808663564,7, 2252
1790872860.837434774,9, 2252
1790872861.869143925,12, 2252
1790872862.904168950,17, 2252
1790872863.936985071,65, 2641
1790872865.012546875,96, 2641
1790872866.074136094,98, 2669
1790872867.384674787,91, 2669
1790872868.443680596,92, 2669
1790872869.485483658,96, 2669
1790872870.681540316,89, 2669
1790872871.725601387,95, 2669
1790872872.771860075,94, 2665
1790872873.810807158,95, 2665
1790872874.851473888,97, 2665
1790872875.909055615,93, 2665
1790872877.066424673,93, 2665
1790872878.123339360,97, 2665
1790872881.535983797,94, 2665
1790872882.573420330,90, 2665
1790872883.624913781,94, 2665
1790872884.669379921,94, 2665
1790872885.714979731,97, 2665
1790872886.767292998,81, 2665
1790872887.808071712,4, 2276
1790872888.839165286,8, 2276
1790872889.869698693,10, 2276
