1790876567.858962127,28, 2213
1790876571.346394822,29, 2213
1790876572.389279224,25, 2238
1790876573.425030700,17, 2474
1790876574.475773888,99, 3475
1790876575.518315777,100, 3880
1790876576.558743488,100, 3878
1790876577.610753232,100, 3874
1790876578.645587640,100, 3877
1790876579.686473800,100, 3869
1790876580.766665201,100, 3871
1790876581.823237293,100, 3867
1790876582.861980712,100, 3871
1790876583.900419986,100, 3871
1790876584.938442992,100, 3866
1790876585.975569939,100, 3867
1790876587.009275649,100, 3867
1790876588.045726205,100, 3889
1790876589.089796166,100, 3877
1790876590.132708354,100, 3877
1790876591.181174046,100, 3877
1790876592.224215726,100, 3870
1790876593.264802480,100, 3872
1790876594.327297096,100, 3875
1790876595.373260192,100, 3874
1790876596.409890692,100, 3870
1790876597.451829868,100, 3875
1790876598.500311130,100, 3874
1790876599.539140763,100, 3869
1790876603.187210989,100, 3869
1790876604.226290627,100, 3869
1790876605.259686107,100, 3869
1790876606.293221261,100, 3869
1790876607.330090730,100, 3869
1790876608.369764367,100, 3831
1790876609.403728638,100, 3831
1790876610.442513629,100, 3831
1790876611.482837316,100, 3831
1790876612.519752170,100, 3831
1790876613.556366609,100, 3831
1790876614.596320347,100, 3831
1790876615.632880624,100, 3831
1790876616.669108127,100, 3831
1790876617.706675472,100, 3831
1790876618.744404422,100, 3831
1790876619.778467666,100, 3831
1790876620.815065977,100, 3841
1790876621.851724294,100, 3831
1790876622.884776737,100, 3831
1790876623.924936749,100, 3831
1790876624.961815813,100, 3831
1790876626.000701367,100, 3831
1790876627.037541341,100, 3831
1790876628.078839647,100, 3831
1790876629.113638526,100, 3831
1790876630.148894363,100, 3831
1790876631.193398326,100, 3831
1790876632.228004003,100, 3831
1790876634.283531157,100, 3831
1790876635.323190354,100, 3831
1790876636.362528327,100, 3831
1790876637.397436208,100, 3831
1790876638.431483345,100, 3831
1790876639.466301853,100, 3831
1790876640.501920368,100, 3842
1790876641.606295354,100, 3912
1790876642.657843896,100, 3887
1790876643.708618209,99, 3881
1790876644.747916347,100, 3871
1790876645.790897208,100, 3883
1790876646.827486087,100, 3880
1790876647.864130248,100, 3875
1790876648.904738247,100, 3860
1790876652.800051335,100, 3907
1790876653.865792325,100, 3899
1790876654.906107308,100, 3891
1790876655.958676831,100, 3892
1790876657.000992654,100, 3881
1790876658.042294956,100, 3881
1790876659.083815904,100, 3878
1790876660.131146918,100, 3458
1790876661.176942149,100, 3041
1790876662.215171732,100, 3156
1790876663.257232865,100, 3557
1790876664.339100767,100, 3857
1790876665.379429064,100, 3860
1790876666.421731590,100, 3860
1790876668.485498098,100, 3861
1790876669.521183545,100, 3861
1790876670.560330901,100, 3871
1790876671.608184857,100, 3862
1790876672.646284664,100, 3862
1790876673.682945686,100, 3859
1790876674.718218419,100, 3859
1790876675.754703462,100, 3859
1790876676.802344238,100, 3859
1790876677.841331264,100, 3860
1790876678.875550761,100, 3860
1790876679.913406337,100, 3860
1790876680.952269496,100, 3860
1790876681.989858835,100, 3860
1790876683.025791028,100, 3860
1790876684.062770332,100, 3860
1790876685.099392911,100, 3860
1790876686.138781492,100, 3861
1790876687.175538847,100, 3860
1790876688.218492163,100, 3860
1790876689.256015364,100, 3856
1790876690.292729375,100, 3856
1790876691.331830998,100, 3856
1790876692.365845754,100, 3857
1790876693.403205563,100, 3857
1790876694.442077153,100, 3857
1790876695.479451442,100, 3857
1790876696.518768362,100, 3857
1790876697.557564611,100, 3857
1790876701.173088407,100, 3852
1790876702.214811636,100, 3856
1790876703.253485945,100, 3856
1790876704.289525100,100, 3857
1790876705.330726254,100, 3857
1790876706.370114097,100, 3857
1790876707.408583721,100, 3857
1790876708.446272111,100, 3857
1790876709.485529609,100, 3857
1790876710.520482949,100, 3857
1790876711.557846853,100, 3857
1790876712.591215761,100, 3854
1790876713.634123826,100, 3855
1790876714.670386443,100, 3852
1790876715.716558754,100, 3853
1790876716.755639704,100, 3853
1790876717.791841217,100, 3853
1790876718.827183065,100, 3853
1790876719.863131490,100, 3853
1790876720.904790496,100, 3853
1790876721.941094320,100, 3853
1790876722.979009237,100, 3854
1790876724.035035310,100, 3874
1790876725.069436563,100, 3874
1790876726.106794217,100, 3870
1790876727.142933669,100, 3870
1790876728.178437486,100, 3870
1790876729.219176717,100, 3870
1790876730.257295232,100, 3870
1790876733.778945416,100, 3870
1790876734.814543990,100, 3870
1790876735.854423583,100, 3871
1790876736.889446650,100, 3871
1790876737.923927415,100, 3871
1790876738.967050317,100, 3871
1790876740.000529867,100, 3871
1790876741.036490869,100, 3872
1790876742.081622253,100, 3872
1790876743.118879863,100, 3872
1790876744.157746106,100, 3872
1790876745.206437725,100, 3884
1790876746.240918834,100, 3874
1790876747.280786005,100, 3851
1790876748.318593227,100, 3851
1790876749.353438136,100, 3851
1790876750.392053431,100, 3851
1790876751.431392896,100, 3851
1790876752.489067047,100, 3850
1790876753.531804263,100, 3850
1790876754.569056167,100, 3851
1790876755.609447150,100, 3851
1790876756.644067056,100, 3851
1790876757.687589628,100, 3851
1790876758.746818346,100, 3860
1790876759.783389307,100, 3860
1790876760.820090348,100, 3857
1790876761.857058732,100, 3857
1790876762.892197797,100, 3857
1790876766.491346857,100, 3857
1790876767.531233519,100, 3858
1790876768.570290423,100, 3858
1790876769.607986751,100, 3858
1790876770.643204516,100, 3858
1790876771.688108721,100, 3858
1790876772.723980333,100, 3858
1790876773.766352417,100, 3858
1790876774.802834676,100, 3858
1790876775.840184903,100, 3859
1790876776.876671172,100, 3859
1790876777.912773974,100, 3859
1790876778.950802646,100, 3859
1790876779.986666163,100, 3859
1790876781.023212928,100, 3859
1790876782.060689045,100, 3831
1790876783.101392753,100, 3417
1790876784.142648840,99, 3002
1790876785.178486165,100, 3002
1790876786.213129832,100, 3002
1790876787.250675706,100, 3002
1790876788.286526118,100, 3135
1790876789.322181490,100, 3431
1790876790.364701549,100, 3563
1790876791.401007257,100, 3859
1790876792.440953269,100, 3870
1790876793.478710394,100, 3859
1790876794.523022007,100, 3859
1790876796.438862213,100, 3859
1790876799.058438246,100, 3859
1790876800.094322114,100, 3860
1790876801.131582938,100, 3859
1790876802.174143527,100, 3859
1790876803.210346535,100, 3859
1790876804.243679558,100, 3859
1790876805.280753820,100, 3859
1790876806.316328349,100, 3030
1790876807.352379565,100, 3030
1790876808.385726344,100, 3030
1790876809.422134280,100, 3030
1790876810.457302762,100, 3030
1790876811.494321117,100, 3030
1790876812.530204166,100, 3030
1790876813.564980589,100, 3030
1790876814.599722828,100, 3030
1790876815.636295303,100, 3056
1790876816.683062454,100, 3092
1790876817.720051724,100, 3089
1790876818.751052744,100, 3060
1790876819.789608552,100, 3065
1790876820.865017571,100, 3070
1790876821.900726486,100, 3070
1790876822.936265941,100, 3065
1790876823.971939784,100, 3062
1790876825.010456171,100, 3062
1790876826.046223275,100, 3061
1790876827.083077550,100, 3060
1790876830.541558822,100, 3069
1790876831.574270761,100, 3068
1790876832.609970645,100, 3068
1790876833.644219100,100, 3056
1790876834.753336182,100, 3054
1790876835.790410880,100, 3052
1790876836.825926647,100, 3052
1790876837.863340587,100, 3052
1790876838.897653369,100, 3052
1790876839.933814144,100, 3052
1790876840.969089858,100, 3052
1790876842.003054176,100, 3052
1790876843.040090523,100, 3052
1790876844.077212864,100, 3052
1790876845.113275275,100, 3052
1790876846.145132466,100, 3052
1790876847.181700803,100, 3062
1790876848.217050966,100, 3052
1790876849.255654624,100, 3053
1790876850.308184698,100, 3052
1790876851.342214682,100, 3052
1790876852.376989221,100, 3052
1790876853.415264359,100, 3052
1790876854.451135957,100, 3052
1790876855.486038757,100, 3052
1790876856.525724961,100, 3053
1790876857.562581730,100, 3053
1790876858.598076008,100, 3052
1790876859.634324132,100, 3052
1790876863.134878513,100, 3052
1790876864.172614392,100, 3052
1790876865.223051050,100, 3053
1790876866.255253876,100, 3052
1790876867.288705090,100, 3052
1790876868.321964328,100, 3052
1790876869.359968305,100, 3052
1790876870.396211308,100, 3052
1790876871.431614381,100, 3052
1790876872.465738375,100, 3052
1790876873.498031108,100, 3052
1790876874.532857633,100, 3062
1790876875.576498380,74, 2624
1790876876.608759486,4, 2195
1790876877.641698939,8, 2195
1790876878.675062544,11, 2195
