2026/10/01 23:23:19.609, 57 %, 3617 MiB
2026/10/01 23:23:21.662, 58 %, 3617 MiB
2026/10/01 23:23:23.703, 57 %, 3632 MiB
2026/10/01 23:23:25.745, 52 %, 3635 MiB
2026/10/01 23:23:27.786, 59 %, 3633 MiB
2026/10/01 23:23:29.829, 55 %, 3642 MiB
2026/10/01 23:23:31.874, 59 %, 3632 MiB
2026/10/01 23:23:35.263, 58 %, 3631 MiB
2026/10/01 23:23:37.318, 55 %, 3626 MiB
2026/10/01 23:23:39.366, 55 %, 3637 MiB
2026/10/01 23:23:41.424, 52 %, 3672 MiB
2026/10/01 23:23:43.462, 44 %, 3670 MiB
2026/10/01 23:23:45.541, 53 %, 3656 MiB
2026/10/01 23:23:47.585, 51 %, 3654 MiB
2026/10/01 23:23:49.629, 54 %, 3637 MiB
2026/10/01 23:23:51.672, 67 %, 3642 MiB
2026/10/01 23:23:53.727, 55 %, 3648 MiB
2026/10/01 23:23:55.770, 50 %, 3636 MiB
2026/10/01 23:23:57.816, 59 %, 3675 MiB
2026/10/01 23:23:59.859, 43 %, 3680 MiB
2026/10/01 23:24:01.909, 50 %, 3660 MiB
2026/10/01 23:24:03.949, 51 %, 3631 MiB
2026/10/01 23:24:07.305, 46 %, 3658 MiB
2026/10/01 23:24:09.344, 56 %, 3654 MiB
2026/10/01 23:24:11.384, 50 %, 3657 MiB
2026/10/01 23:24:13.422, 48 %, 3626 MiB
2026/10/01 23:24:15.464, 56 %, 3642 MiB
2026/10/01 23:24:17.501, 48 %, 3638 MiB
2026/10/01 23:24:19.539, 46 %, 3638 MiB
2026/10/01 23:24:21.577, 57 %, 3646 MiB
2026/10/01 23:24:23.624, 45 %, 3644 MiB
2026/10/01 23:24:25.676, 56 %, 3641 MiB
2026/10/01 23:24:27.773, 54 %, 3636 MiB
2026/10/01 23:24:29.827, 56 %, 3629 MiB
2026/10/01 23:24:31.865, 58 %, 3636 MiB
2026/10/01 23:24:33.906, 57 %, 3660 MiB
2026/10/01 23:24:35.946, 56 %, 3644 MiB
2026/10/01 23:24:39.352, 57 %, 3638 MiB
2026/10/01 23:24:41.392, 51 %, 3630 MiB
2026/10/01 23:24:43.432, 58 %, 3636 MiB
2026/10/01 23:24:45.504, 52 %, 3624 MiB
2026/10/01 23:24:47.546, 42 %, 3654 MiB
2026/10/01 23:24:49.592, 48 %, 3638 MiB
2026/10/01 23:24:51.632, 51 %, 3644 MiB
2026/10/01 23:24:53.668, 57 %, 3630 MiB
2026/10/01 23:24:55.701, 54 %, 3627 MiB
2026/10/01 23:24:57.740, 56 %, 3629 MiB
2026/10/01 23:24:59.778, 56 %, 3631 MiB
2026/10/01 23:25:01.815, 48 %, 3633 MiB
2026/10/01 23:25:03.855, 62 %, 3632 MiB
2026/10/01 23:25:05.892, 47 %, 3632 MiB
2026/10/01 23:25:09.306, 57 %, 3630 MiB
2026/10/01 23:25:11.358, 55 %, 3632 MiB
2026/10/01 23:25:13.401, 48 %, 3630 MiB
2026/10/01 23:25:15.436, 57 %, 3627 MiB
2026/10/01 23:25:17.480, 53 %, 3641 MiB
2026/10/01 23:25:19.517, 56 %, 3644 MiB
2026/10/01 23:25:21.568, 59 %, 3643 MiB
2026/10/01 23:25:23.620, 54 %, 3631 MiB
2026/10/01 23:25:25.665, 51 %, 3631 MiB
2026/10/01 23:25:27.707, 40 %, 3625 MiB
2026/10/01 23:25:29.745, 48 %, 3617 MiB
2026/10/01 23:25:31.783, 58 %, 3631 MiB
2026/10/01 23:25:33.836, 44 %, 3630 MiB
2026/10/01 23:25:35.877, 57 %, 3631 MiB
2026/10/01 23:25:37.917, 57 %, 3640 MiB
2026/10/01 23:25:41.427, 53 %, 3622 MiB
2026/10/01 23:25:43.465, 57 %, 3629 MiB
2026/10/01 23:25:45.499, 55 %, 3629 MiB
2026/10/01 23:25:47.535, 60 %, 3642 MiB
2026/10/01 23:25:49.579, 58 %, 3644 MiB
2026/10/01 23:25:51.628, 23 %, 3646 MiB
2026/10/01 23:25:53.694, 28 %, 3635 MiB
2026/10/01 23:25:55.747, 39 %, 3635 MiB
2026/10/01 23:25:57.799, 49 %, 3646 MiB
2026/10/01 23:25:59.852, 54 %, 3630 MiB
2026/10/01 23:26:01.903, 57 %, 3638 MiB
2026/10/01 23:26:03.969, 59 %, 3638 MiB
2026/10/01 23:26:06.071, 57 %, 3639 MiB
2026/10/01 23:26:08.170, 55 %, 3638 MiB
2026/10/01 23:26:10.226, 57 %, 3642 MiB
2026/10/01 23:26:13.787, 57 %, 3632 MiB
2026/10/01 23:26:15.858, 57 %, 3625 MiB
2026/10/01 23:26:17.919, 57 %, 3636 MiB
2026/10/01 23:26:19.976, 55 %, 3632 MiB
2026/10/01 23:26:22.024, 12 %, 3665 MiB
2026/10/01 23:26:24.065, 24 %, 3636 MiB
2026/10/01 23:26:26.102, 34 %, 3629 MiB
2026/10/01 23:26:28.140, 61 %, 3632 MiB
2026/10/01 23:26:30.179, 56 %, 3625 MiB
2026/10/01 23:26:32.217, 58 %, 3633 MiB
2026/10/01 23:26:34.252, 57 %, 3626 MiB
2026/10/01 23:26:36.288, 53 %, 3629 MiB
2026/10/01 23:26:38.329, 53 %, 3619 MiB
2026/10/01 23:26:40.368, 52 %, 3619 MiB
2026/10/01 23:26:43.848, 56 %, 3620 MiB
2026/10/01 23:26:45.910, 52 %, 3619 MiB
2026/10/01 23:26:47.949, 57 %, 3619 MiB
2026/10/01 23:26:49.988, 50 %, 3629 MiB
2026/10/01 23:26:52.032, 45 %, 3623 MiB
2026/10/01 23:26:54.076, 51 %, 3634 MiB
2026/10/01 23:26:56.115, 57 %, 3634 MiB
2026/10/01 23:26:58.157, 62 %, 3636 MiB
2026/10/01 23:27:00.195, 54 %, 3636 MiB
2026/10/01 23:27:02.232, 18 %, 3642 MiB
2026/10/01 23:27:04.283, 30 %, 3666 MiB
2026/10/01 23:27:06.334, 37 %, 3656 MiB
2026/10/01 23:27:08.376, 49 %, 3652 MiB
2026/10/01 23:27:10.427, 49 %, 3633 MiB
2026/10/01 23:27:12.489, 57 %, 3635 MiB
2026/10/01 23:27:15.961, 52 %, 3633 MiB
2026/10/01 23:27:18.012, 57 %, 3644 MiB
2026/10/01 23:27:20.069, 55 %, 3639 MiB
2026/10/01 23:27:22.133, 56 %, 3651 MiB
2026/10/01 23:27:24.177, 61 %, 3642 MiB
2026/10/01 23:27:26.215, 58 %, 3641 MiB
2026/10/01 23:27:28.261, 57 %, 3627 MiB
2026/10/01 23:27:30.303, 54 %, 3636 MiB
2026/10/01 23:27:32.344, 56 %, 3645 MiB
2026/10/01 23:27:34.389, 40 %, 3644 MiB
2026/10/01 23:27:36.427, 55 %, 3645 MiB
2026/10/01 23:27:38.466, 54 %, 3627 MiB
2026/10/01 23:27:40.505, 60 %, 3631 MiB
2026/10/01 23:27:42.541, 50 %, 3618 MiB
2026/10/01 23:27:44.576, 58 %, 3618 MiB
2026/10/01 23:27:48.394, 54 %, 3620 MiB
2026/10/01 23:27:50.430, 55 %, 3629 MiB
2026/10/01 23:27:52.466, 61 %, 3618 MiB
2026/10/01 23:27:54.503, 60 %, 3629 MiB
2026/10/01 23:27:56.538, 56 %, 3618 MiB
2026/10/01 23:27:58.576, 49 %, 3629 MiB
2026/10/01 23:28:00.616, 60 %, 3618 MiB
2026/10/01 23:28:02.657, 46 %, 3647 MiB
2026/10/01 23:28:04.696, 51 %, 3627 MiB
2026/10/01 23:28:06.875, 51 %, 3655 MiB
2026/10/01 23:28:08.983, 50 %, 3647 MiB
2026/10/01 23:28:11.025, 56 %, 3643 MiB
2026/10/01 23:28:13.066, 59 %, 3637 MiB
2026/10/01 23:28:15.118, 55 %, 3642 MiB
2026/10/01 23:28:18.528, 56 %, 3638 MiB
2026/10/01 23:28:20.577, 55 %, 3623 MiB
2026/10/01 23:28:22.628, 62 %, 3636 MiB
2026/10/01 23:28:24.675, 52 %, 3631 MiB
2026/10/01 23:28:26.718, 57 %, 3636 MiB
2026/10/01 23:28:28.760, 62 %, 3650 MiB
2026/10/01 23:28:30.805, 55 %, 3646 MiB
2026/10/01 23:28:32.846, 66 %, 3657 MiB
2026/10/01 23:28:34.882, 52 %, 3627 MiB
2026/10/01 23:28:36.925, 50 %, 3634 MiB
2026/10/01 23:28:38.963, 55 %, 3618 MiB
2026/10/01 23:28:41.003, 60 %, 3629 MiB
2026/10/01 23:28:43.053, 65 %, 3618 MiB
2026/10/01 23:28:45.107, 58 %, 3618 MiB
2026/10/01 23:28:47.154, 56 %, 3620 MiB
2026/10/01 23:28:50.608, 54 %, 3629 MiB
2026/10/01 23:28:52.648, 53 %, 3618 MiB
2026/10/01 23:28:54.695, 51 %, 3629 MiB
2026/10/01 23:28:56.736, 45 %, 3625 MiB
2026/10/01 23:28:58.774, 61 %, 3629 MiB
2026/10/01 23:29:00.816, 57 %, 3624 MiB
2026/10/01 23:29:02.865, 45 %, 3631 MiB
2026/10/01 23:29:04.906, 60 %, 3630 MiB
2026/10/01 23:29:06.939, 47 %, 3620 MiB
2026/10/01 23:29:08.977, 50 %, 3628 MiB
2026/10/01 23:29:11.019, 70 %, 3618 MiB
2026/10/01 23:29:13.057, 55 %, 3629 MiB
2026/10/01 23:29:15.100, 57 %, 3618 MiB
2026/10/01 23:29:17.141, 43 %, 3629 MiB
2026/10/01 23:29:19.196, 51 %, 3618 MiB
2026/10/01 23:29:23.194, 56 %, 3629 MiB
2026/10/01 23:29:25.256, 52 %, 3628 MiB
2026/10/01 23:29:27.361, 51 %, 3620 MiB
2026/10/01 23:29:29.444, 57 %, 3628 MiB
2026/10/01 23:29:31.543, 53 %, 3643 MiB
2026/10/01 23:29:33.638, 53 %, 3643 MiB
2026/10/01 23:29:35.726, 55 %, 3653 MiB
2026/10/01 23:29:37.797, 56 %, 3618 MiB
2026/10/01 23:29:39.873, 46 %, 3629 MiB
2026/10/01 23:29:41.925, 54 %, 3618 MiB
2026/10/01 23:29:43.968, 11 %, 3629 MiB
2026/10/01 23:29:46.025, 21 %, 3629 MiB
2026/10/01 23:29:48.074, 35 %, 3629 MiB
2026/10/01 23:29:50.144, 46 %, 3629 MiB
2026/10/01 23:29:53.970, 55 %, 3632 MiB
2026/10/01 23:29:56.028, 40 %, 3629 MiB
2026/10/01 23:29:58.069, 48 %, 3641 MiB
2026/10/01 23:30:00.113, 58 %, 3620 MiB
2026/10/01 23:30:02.158, 46 %, 3629 MiB
2026/10/01 23:30:04.196, 62 %, 3625 MiB
2026/10/01 23:30:06.269, 52 %, 3629 MiB
2026/10/01 23:30:08.322, 52 %, 3638 MiB
2026/10/01 23:30:10.385, 49 %, 3618 MiB
2026/10/01 23:30:12.437, 53 %, 3628 MiB
2026/10/01 23:30:14.502, 58 %, 3618 MiB
2026/10/01 23:30:16.576, 52 %, 3629 MiB
2026/10/01 23:30:18.623, 54 %, 3640 MiB
2026/10/01 23:30:20.686, 17 %, 3747 MiB
2026/10/01 23:30:22.738, 100 %, 4208 MiB
2026/10/01 23:30:26.365, 100 %, 4210 MiB
2026/10/01 23:30:28.423, 100 %, 4208 MiB
2026/10/01 23:30:30.472, 100 %, 4207 MiB
2026/10/01 23:30:32.511, 100 %, 4207 MiB
2026/10/01 23:30:34.552, 100 %, 4197 MiB
2026/10/01 23:30:36.596, 100 %, 4208 MiB
2026/10/01 23:30:38.645, 100 %, 4208 MiB
2026/10/01 23:30:40.686, 100 %, 4211 MiB
2026/10/01 23:30:42.724, 100 %, 4208 MiB
2026/10/01 23:30:44.763, 100 %, 4197 MiB
2026/10/01 23:30:46.797, 100 %, 4208 MiB
2026/10/01 23:30:48.836, 100 %, 4197 MiB
2026/10/01 23:30:50.876, 100 %, 4207 MiB
2026/10/01 23:30:52.912, 100 %, 4204 MiB
2026/10/01 23:30:56.625, 100 %, 4208 MiB
2026/10/01 23:30:58.663, 100 %, 4208 MiB
2026/10/01 23:31:00.702, 100 %, 4201 MiB
2026/10/01 23:31:02.740, 99 %, 4217 MiB
2026/10/01 23:31:04.783, 99 %, 4213 MiB
2026/10/01 23:31:06.825, 17 %, 3633 MiB
2026/10/01 23:31:08.867, 34 %, 3632 MiB
